"","doc_id","textOriginal"
"1","text104263","Oooh! Are we sharing our manufactured crush stories? I have 2 that are somewhat noteworthy!
First one was in elementary school. Everyone was always talking about the boys they thought were cute and their crushes and whatnot. Baby me thought boys were very ugly and annoying (although I never subscribed to cooties, lol) buuut all the girls kept harassing me and saying that I HAD to like someone. I chose this one kid who every other girl seemed to like, cause he apparently liked me? And a couple other girls, too, but yknow. Anyway long story short I bullied the FUCK out of that guy and was generally very very insulting because I didn‚Äôt figure out how to interact with guys until high school, whoops! (He didn‚Äôt mind too much tho and never got mad abt it? It was a game to both of us but in hindsight it was very mean of me lmao)

Second one isn‚Äôt much of a story so much as me constantly getting asked out by my best friend and her girlfriend, saying sure, getting broken up with, and then getting asked out again all throughout middle school. I could not have given less of a shit if I was in a relationship with them or not and it changed nothing about our friendship, I was just sometimes ‚Äúdating‚Äù one or both of them. I also got asked out by several guys, all of whom got a crush on me despite me being very rude to them, and apparently more would have tried if I wasn‚Äôt ‚Äútaken‚Äù and also a lesbian.

Turns out I just have a deep distrust and almost hatred for men and am very aesthetically attracted to women. Whoops! At least I‚Äôm not unnecessarily mean to guys anymore and am working on trusting them. Character development?"
"2","text45461","Jaiden is an epic gamer"
"3","text49796","I dont know what I am, but this video help get rid of a option. And gave me a new one. Thank you for talking about this"
"4","text100272","Well, that's one way to stop the shippers








Ok fr tho good for you"
"5","text18628","Yo couldve sworn she was straight like a year ago"
"6","text29910","12:41 I love how she used the terminalmontage Mario"
"7","text39453","I heavily relate to this as someone who struggles a lot with me being aromantic and ace,, it‚Äôs definitely really difficult to explain to others but I‚Äôm glad there are more people to speak up about it"
"8","text6988","why tf are mfs complaining about this video, she is just talking about her sexuality, you guys gotta learn to respect"
"9","text74041","Yay, thank you for coming out"
"10","text37969","this is awesome!!!! üíúüíúüíúüò≠üò≠"
"11","text16081","oh, OH"
"12","text65849","Were both aro ace omg queenüè≥Ô∏è‚Äçüåàüè≥Ô∏è‚Äçüåàüè≥Ô∏è‚Äçüåàüè≥Ô∏è‚Äçüåà"
"13","text51703","aaah thank you for sharing this, i know this kind of video would have been really helpful for younger-me!

(i do think we shouldn't use any kind of love to define ""humanity"" tho, lots of people don't feel feelings conventionally but cndjsjhj defining humanity is not the point of this video i know)"
"14","text45783","Thank you so much for making this video and helping people understand asexuality and aromanticism! I decided to check this out cause a lot of aces on reddit were very excited that you are one of us üòÇ I'm ace, but biromantic, and I also feel that if I had known asexuality was a thing when I was younger I would have been way less confused. I had crushes on several boys in school, college, since college, but never had any interest in as you put it, being ""intimate."" Which was very confusing and has made dating very challenging!! Even 5 years ago I think very few people in the general public were familiar with asexuality, but I think it's becoming much more known, so thank you for being part of that!! üíú"
"15","text102707","If this community was toxic before it definitely will be now"
"16","text73229","The thirst for finding and conforming to unique and special identity groups to claim to be anything other than the identity group we are all required to hate, or just refusing new age religious identarian nonsense, is very real."
"17","text81846","I came out as ace-aro a year ago, I‚Äôve struggled a little bit with it since the beginning of Highschool (I‚Äôm almost 22 now) and everytime I tried opening up about it, I was either made fun of for being a plant or starfish or dismissed and told me not to give up because there is love for everyone. It made me stay hidden away, and made me force a bunch of crushes and relationships that I didn‚Äôt really want, I even lost my friendship with my closest friend cause they thought I had feelings for them when I tried expressing that I didn‚Äôt, I just hyper focused wanting to be their friend. So seeing this video makes my heart melt knowing I‚Äôm not alone and my experiences are somewhat the same. Thank you for sharing Jaiden, this made my day!"
"18","text6314","üòí"
"19","text24102","Why was this recommended to me?"
"20","text3639","Me vale madre tu atenci√≥n sexual me gustan tus videos aunque no entiendo el ingl√©s veo los traducidos  
I don't care about your sexual attention I like your videos although I don't understand English I see the translated onesüòÅ"
"21","text94277","I'm just like you I'm not into any relationship at all so I can agree what you're saying"
"22","text104064","I wonder if jaden is a virgin"
"23","text89979","Empowering for people who identify as aro or ace, informative for those that don't and entertaining for people who don't really care either way. All around good video"
"24","text24646","I've always known I was asexual. And I'm finally coming to terms that I'm also aromatic. I once forced myself to be in a relationship and it sucked lol"
"25","text59714","Ok I don't have any feelings for anyone and never had and I'm not AsExUaL I'm just a sociopath"
"26","text17509","13:51 Seeing Glep was... unexpected. And funny. Nice."
"27","text66185","Can we talk about the jaiden station 5"
"28","text30714","This ruins a lot of peoples fan fictions"
"29","text107060","definitely not the video i needed after a break up but im still happy for you"
"30","text41408","it's so nice to see a big creator talking about stuff like this openly and it's really comforting"
"31","text116567","Nostalgia hearing your voice again, Jaiden."
"32","text23359","No more uncensored images of Jaiden üòé"
"33","text28276","12:37 ‚ÄúAnd I would hope you are the same‚Äù had me laughing"
"34","text51166","common jaiden W"
"35","text83060","ok"
"36","text11509","Not being attracted to anyone shouldn‚Äôt be a sexuality and a part of LBGT, god what people do for attention"
"37","text47363","I discovered I was Aro Ace (and also an introverted son of a biscuit) by realising that I kept getting irritated at all the shipping and harem fanfics I read. This is not the way to achieving a satisfying way to defeat the BBEG by being smart!!!!!!"
"38","text10937","I'm glad that you had the confidence to publish this thank you
from what you said it is very similar to what I've felt since i was little but for some reason i never realized it i guess i just wanted someone to love romantically like that even though i was never able to find someone i was interested in i mean i find girls attractive but i can't seem to imagine being in a relationship with them and it really confuses me"
"39","text15424","My dream is to be like this, don't have to worry about such Futile things like romance"
"40","text5166","you are amazing jaiden. its wonderful to see a video on asexuality that has so many views, im sure you helped lots of people with this!"
"41","text93351","This doesn‚Äôt affect me at all but I am fine with this"
"42","text8140","Neat! Thanks for sharing!"
"43","text10507","Cool, can you make another Pokemon Nuzlocke video?"
"44","text65834","this is the perfect combination to get oneself into a deep study about.... anything! no romantic distractions, no sexual urges, just oneself and their objective, nice."
"45","text86173","Aroace is definitely the most badass orientation. They are like the only clear headed humans lol. Wish I was aroace. Been single for most of my life (minus 3 months) with useless desires to be with a lovely woman lol"
"46","text12242","7:53 I'm in 9th grade and whenever anyone asks me out , I just same pros and cons in person or relationship,Im tomboyish and I flirt with girls, but I end up making them lesbo ._. School opens Tomorrow- i-"
"47","text30788","Ummmm yea this is legit me when I think I have a crush"
"48","text73461","[sobs in demisexual happiness]"
"49","text23117","sex"
"50","text77184","glad you've figured it out, very happy for you! platonic hugs and kisses, a trans ace guy"
"51","text80297","I'm not really into anyone either, but not as a sexuality, but more of my introverted side taking over"
"52","text55757","I understand it's probably scary and personal talking about this kind of thing, but I appreciate you openly discussing this sort of thing. (Also I identified as aro for a long time, then didn't, and this is making me think ""maybe I'm still aro and maybe that's okay"")"
"53","text20190","At least I know I'm aromantic"
"54","text53019","Do really people get upset over that kind of stuff. I mean I couldn't care less about my own sexuality and fact that for 17 years I haven't felt any kind of attraction towards anyone does not make me feel bad. Weird...... well I guess I'm moving on."
"55","text94648","interesting, okey voy hablar en espa√±ol :v.. entonces no sientes atracci√≥n en sentido sentimental o intima, okey okey.. me parece chido...  aunque probablemente el lado oscuro de la internet seguir√° haciendo arte de la regla de numero 34.. ...  bueno me alegra que te sientas bien de como eres :3.. eres la mejor jaiden 0w^"
"56","text71539","Aspec GANG"
"57","text25452","I actually am aroace too, so im lonely usually, so thanks for sharing your part in life :)"
"58","text116223","Whaaaat ‚ù§Ô∏è‚ù§Ô∏è‚ù§Ô∏èüòä"
"59","text80590","‚ù§Ô∏è"
"60","text8573","I loved your videos but not anymore"
"61","text9114","no"
"62","text92495","Damn osp and jaiden. My favourite animation channels predominately asexual. Have i found the secret formula? ‚Ä¶ no i have not. but i mean its cool representation is growing i mean jaiden has a massive audience and i think it was cool to do this. I personally identified asexually for a little while (which is a strange thing to say but it would make sense if i explained the story) and most people didnt know what i was talking about. I mean some people even thought it meant i had sex with animals and honestly idek what to say to that. 
So this is nice"
"63","text27615","@6:32 that logic is actually why ace and aro people (before the popularization of their own labels) were historically included in the bi community! It‚Äôs a super common thought process"
"64","text23374","LMFAO Lord what I would give to see the dislikes on this."
"65","text111293","I would like to say I guessed you might‚Äôve been on the spectrum from the flirting video but I of course didn‚Äôt wanna assume until you said anything"
"66","text89677","we all support you jaiden!"
"67","text114124","Cool"
"68","text20214","No bitches"
"69","text97889","so good to have someone famous be honest"
"70","text25189","I never understand why anyone ever wants a label for themself. Just be happy with the person you are :D But I guess for some people it can help them understand themself."
"71","text84026","that was so funny that Jaiden put in the green rare parrot in the video"
"72","text117025","First!!!!! How ???"
"73","text74252","To me there‚Äôs 2 types of people. People from Florida and everyone else"
"74","text6089","I liek that you keep showing video games in comparison because so often I'm just like ""ughh I don't want to have sex I could be playing video games instead u_u""

I was 27 when I discovered the term asexual, and having the vocabulary to describe my experiences is so powerful. I'm glad that you figured out your labels and are being open about it so that hopefully others can learn more so we can make sure others don't feel like they're broken and have no idea why they're different. <3"
"75","text3436","You sound complex but also not."
"76","text68846","Jaden i just feel u overanalyze what romance is ""suppose to be or feel like"" maby youve havd romantic feelings at some point but maby you dont understand exately what that is about. Also i think u can be in love without wanting the fysichql stuff i think kissing holding hands and stuff falls more into asexual territorium or am i wrong? Romance is about feeling stuff maby.

When i fall inlove i idolise people like just as a cool person from a band.

And usually its just as u said u get tunnel vision u wanna be close to then all the time.

Usually u dont feel like that with a friend a friend would cal lthat obsessive i think."
"77","text59706","I wish I was aro ace, I'm just aro."
"78","text114206","Question: so what‚Äôs the difference between aerosexual/asexual/aeroace and just not being interested in relationships? Why does it need its own sexuality?
And furthermore, why the need for representation? Sure you dont have to be in a relationship to be happy, but family, religion, and a good job have been proven to be key factors in someone‚Äôs long-term happiness."
"79","text56005","proud of you"
"80","text37330","Yo it‚Äôs ba man"
"81","text87821","*saying being gay is normal at should be seen as so but proceeds to make a elephant out of it*"
"82","text105621","jaiden im not straight its ok"
"83","text34981","i‚Äôm also aroace:D"
"84","text49847","Thank you so much for this! It‚Äôs so crazy to think that a vid about being aroace is #2 on trending. It‚Äôs never really talked about a ton, and you‚Äôre super brave for posting this! As an aroace I feel super validated, cannot thank you enough üíöüíúüíöüíú"
"85","text115275","welp that was- unexpected"
"86","text68999","I knew it since the Pok√©mon vid"
"87","text28669","This could be like me"
"88","text109009","I'm now confused and lost.... I want therapy now lol.."
"89","text1480","Casual replicant discrimination"
"90","text70915","i love this update im non binary(they/them) and bisexual so i love this!!!"
"91","text103576","1) I recently found out I'm kind of a hybrid social/psychopath (which always sounds bad but I don't think I'm in the negative side) but your journey to to find out why you don't feel how others feel about things I relate greatly and yeah I agree not being bogged down with feelings is very freeing
2) I thought you already knew your were this way before, you have mentioned in other videos you don't feel romantically attracted to people... I'm sorry you hadn't figured it out before it that I didn't catch it, the chances of you reading my messages are statistically low I get that but in the off chance I caught it earlier and you happen upon my message would have saved you so much time and probably stress"
"92","text82015","I am super proud of you Jaiden! I supporttt!"
"93","text74231","I think the s tier orientations are Pan and Aroace"
"94","text28365","Can people in the comment like stop saying that jaiden is gay AND KNOW THE DEFINITION OF ASEXUAL The definition of asexual means a person that's whose not attracted to male or female or other genders that who has a low interest in relationship."
"95","text55697","Hello, hello? Uh, I wanted to record a message for you to help you get settled in on your first night. Um, I actually worked in that office before you. I'm finishing up my last week now, as a matter of fact. So, I know it can be a bit overwhelming, but I'm here to tell you there's nothing to worry about. Uh, you'll do fine. So, let's just focus on getting you through your first week. Okay?

Uh, let's see, first there's an introductory greeting from the company that I'm supposed to read. Uh, it's kind of a legal thing, you know. Um, ""Welcome to Freddy Fazbear's Pizza. A magical place for kids and grown-ups alike, where fantasy and fun come to life. Fazbear Entertainment is not responsible for damage to property or person. Upon discovering that damage or death has occurred, a missing person report will be filed within 90 days, or as soon property and premises have been thoroughly cleaned and bleached, and the carpets have been replaced.""

Blah blah blah, now that might sound bad, I know, but there's really nothing to worry about. Uh, the animatronic characters here do get a bit quirky at night, but do I blame them? No. If I were forced to sing those same stupid songs for twenty years and I never got a bath? I'd probably be a bit irritable at night too. So, remember, these characters hold a special place in the hearts of children and we need to show them a little respect, right? Okay.

So, just be aware, the characters do tend to wander a bit. Uh, they're left in some kind of free roaming mode at night. Uh...Something about their servos locking up if they get turned off for too long. Uh, they used to be allowed to walk around during the day too. But then there was The Bite of '87. Yeah. I-It's amazing that the human body can live without the frontal lobe, you know? Uh, now concerning your safety, the only real risk to you as a night watchman here, if any, is the fact that these characters, uh, if they happen to see you after hours probably won't recognize you as a person. They'll p-most likely see you as a metal endoskeleton without its costume on. Now since that's against the rules here at Freddy Fazbear's Pizza, they'll probably try to...forcefully stuff you inside a Freddy Fazbear suit. Um, now, that wouldn't be so bad if the suits themselves weren't filled with crossbeams, wires, and animatronic devices, especially around the facial area. So, you could imagine how having your head forcefully pressed inside one of those could cause a bit of discomfort...and death. Uh, the only parts of you that would likely see the light of day again would be your eyeballs and teeth when they pop out the front of the mask, heh.

Y-Yeah, they don't tell you these things when you sign up. But hey, first day should be a breeze. I'll chat with you tomorrow. Uh, check those cameras, and remember to close the doors only if absolutely necessary. Gotta conserve power. Alright, good night."
"96","text3392","I think it's cool that she would share this with us"
"97","text28958","heyyy fellow aro here as well lol"
"98","text14283","Thank you for making this video I am glad to see other people are like this and I am not alone or over exaggerating about this."
"99","text63992","great way to introduce the public to the ace community"
"100","text106107","the fact that jaiden thinks pikachus are attractive"
